index,EEMV,EFAV,MTUM,QUAL,SIZE,USMV,VLUE
2017-01-03 05:00:00,45.07782,54.698280000000004,72.54646,65.02215,67.1712,42.06556,64.23761999999999
2017-01-04 05:00:00,45.546040000000005,55.2516,72.97556,65.3865,67.97419000000001,42.26039,64.91695
2017-01-05 05:00:00,46.1428,55.90309,73.21394000000001,65.3211,67.81546,42.306779999999996,64.5637
2017-01-06 05:00:00,45.812290000000004,55.7603,73.63351,65.54531999999999,68.04888000000001,42.36245,64.50029
2017-01-09 05:00:00,45.7113,55.76923000000001,73.6049,65.21833000000001,67.72208,42.15833,64.26479
2017-01-10 05:00:00,45.86737,55.67105,73.56676,65.11556999999999,67.70340999999999,42.10267,64.51841
2017-01-11 05:00:00,46.087709999999994,55.938790000000004,73.80515,65.15294,67.66606999999999,42.23256,64.53652
2017-01-12 05:00:00,46.20706,55.87631999999999,73.71932,65.07821,67.81546,42.223279999999995,64.30102
2017-01-13 05:00:00,46.2346,56.12621,73.90051,65.07821,67.94617,42.25111,64.33725
2017-01-17 05:00:00,46.21624,56.242230000000006,73.72886,65.11556999999999,67.77811,42.381,64.05646999999999
2017-01-18 05:00:00,46.00508,55.992340000000006,73.94818000000001,65.22768,68.10491,42.41811,64.18327
2017-01-19 05:00:00,45.95,55.84955,73.86236,64.9007,67.63805,42.186170000000004,63.91154
2017-01-20 05:00:00,46.00508,55.97449,74.01493,65.07821,67.76878,42.33461,64.01116999999999
2017-01-23 05:00:00,46.491659999999996,56.135130000000004,73.85282,64.98478,67.86214,42.31606,63.80285
2017-01-24 05:00:00,46.684459999999994,56.1619,74.45357,65.42387,68.26364000000001,42.41811,64.47312
2017-01-25 05:00:00,46.99661,56.45641,75.06384,65.97506,68.76785,42.55728,65.22491
2017-01-26 05:00:00,46.78545,56.1976,74.95895,65.81624000000001,68.70248000000001,42.492340000000006,65.05282
2017-01-27 05:00:00,46.70282,56.2333,75.07338,65.72282,68.46906,42.51089,64.77203
2017-01-30 05:00:00,46.51921,56.15298000000001,74.61567,65.43321,68.19828000000001,42.381,64.36443
2017-01-31 05:00:00,46.5743,56.376090000000005,74.61567,65.30242,68.11424,42.483059999999995,64.38255
2017-02-01 05:00:00,46.56511,56.54566,74.78730999999999,65.209,67.79678,42.19545,64.82637
2017-02-02 05:00:00,46.592659999999995,56.6349,74.92081,65.22768,68.03955,42.44595,64.70863
2017-02-03 05:00:00,47.11596,56.83124,75.22594000000001,65.70413,68.71181999999999,42.668620000000004,65.3789
2017-02-06 05:00:00,47.06087,56.69736999999999,75.1878,65.62939,68.56243,42.548,65.32455
2017-02-07 05:00:00,46.96907,56.79554,75.41665,65.73216,68.55309,42.65934,65.17963
2017-02-08 05:00:00,47.15269,57.054359999999996,75.60736999999999,65.70413,68.68381,42.80778,65.07093
2017-02-09 05:00:00,47.272040000000004,57.054359999999996,75.7504,66.03111,69.12266,42.99334,65.51476
2017-02-10 05:00:00,47.58419,57.04543,75.98879000000001,66.34875,69.49614,43.15106,65.72309
2017-02-13 05:00:00,47.694359999999996,57.009730000000005,76.21764,66.7131,69.83228000000001,43.29023,66.21221
2017-02-14 05:00:00,47.64845,56.72415,76.20810999999999,67.00271,69.77626,43.318059999999996,66.71944
2017-02-15 05:00:00,47.850429999999996,56.768769999999996,76.57046,67.42311,70.2151,43.48506,67.16328
2017-02-16 05:00:00,47.804520000000004,56.965109999999996,76.70396,67.49785,70.09371,43.67062,67.1361
2017-02-17 05:00:00,47.602540000000005,57.0365,76.79930999999999,67.77812,70.36449,43.70773,67.18139000000001
2017-02-21 05:00:00,47.91469,57.063280000000006,77.34283,68.07706999999999,70.89671,44.02317,67.69768
2017-02-22 05:00:00,48.034040000000005,57.313159999999996,77.41911999999999,68.06773000000001,70.80334,44.03245,67.53464
2017-02-23 05:00:00,48.11667,57.5452,77.22841,68.26392,70.76599,44.2644,67.39878
2017-02-24 05:00:00,47.7678,57.375640000000004,77.39052,68.47879,70.8687,44.477779999999996,67.46218
2017-02-27 05:00:00,47.675990000000006,57.38456,77.55261999999999,68.46944,71.2235,44.39428,67.70674
2017-02-28 05:00:00,47.47401,57.375640000000004,77.44773,68.36668,70.90604,44.41284,67.32632
2017-03-01 05:00:00,47.942240000000005,57.580890000000004,78.25825,69.26353,71.68101999999999,44.70045,68.22303000000001
2017-03-02 05:00:00,47.32712,57.250690000000006,77.79101,69.0113,71.3729,44.5984,67.81544
2017-03-03 05:00:00,47.694359999999996,57.45596,77.91497,68.98326,71.20483,44.5149,67.96036
2017-03-06 05:00:00,47.68517,57.313159999999996,77.77193,68.80575999999999,70.82200999999999,44.4314,67.49840999999999
2017-03-07 05:00:00,47.66681,57.20607,77.77193,68.62826,70.58858000000001,44.35718,67.09987
2017-03-08 05:00:00,47.40057,56.98296,77.74332,68.51615,70.56991,44.208729999999996,66.99117
2017-03-09 05:00:00,47.23531,57.22391999999999,77.87682,68.51615,70.42051,44.22728,66.8372
2017-03-10 05:00:00,47.56582,57.64337,78.34407,68.78708,70.68195,44.42212,67.08175
2017-03-13 04:00:00,47.96978,57.920030000000004,78.6206,68.79642,70.69129000000001,44.496340000000004,66.97306
2017-03-14 04:00:00,47.868790000000004,57.68799,78.33453,68.58155,70.49521,44.35718,66.70133
2017-03-15 04:00:00,48.897040000000004,58.42873,79.03062,69.21682,71.20483,44.79323,67.24479000000001
2017-03-16 04:00:00,49.09902,58.61614,78.83038,69.06735,71.05544,44.64479,67.12704000000001
2017-03-17 04:00:00,49.25509,58.794630000000005,79.01156,69.05801,71.13013000000001,44.77467,66.82813
2017-03-20 04:00:00,49.63151,58.77678,79.06877,68.96458,71.09279000000001,44.67262,66.64698
2017-03-21 04:00:00,49.18164,58.589369999999995,78.13428,68.28259,70.25244,44.45923,65.48759
2017-03-22 04:00:00,49.46625,58.723240000000004,78.54432,68.41339,70.20576,44.52418,65.72309
2017-03-23 04:00:00,49.50297,58.839259999999996,78.39175,68.32930999999999,70.27113,44.496340000000004,65.66875
2017-03-24 04:00:00,49.401990000000005,59.00881999999999,78.5591,68.24201,70.43794,44.45814,65.63779
2017-03-27 04:00:00,49.35608,59.26764,78.46347,68.11999,69.97872,44.37427,65.60136
2017-03-28 04:00:00,49.52134,59.28548000000001,78.77904000000001,68.4673,70.6816,44.49541,66.27521999999999
2017-03-29 04:00:00,49.48462,59.223009999999995,79.00855,68.40159,70.54101999999999,44.4861,66.44824
2017-03-30 04:00:00,49.328540000000004,58.91065,79.03724,68.47668,70.84092,44.49541,66.75785
2017-03-31 04:00:00,49.11738,58.90173000000001,79.03724,68.33588,70.82217,44.467459999999996,66.58484
2017-04-03 04:00:00,49.45707,59.071290000000005,79.03724,68.16691999999999,70.45668,44.41154,66.32075999999999
2017-04-04 04:00:00,49.475429999999996,59.10699,78.98943,68.14815,70.40982,44.43018,66.36628
2017-04-05 04:00:00,49.3928,58.9642,78.88423,67.96041,70.29736,44.44882,65.98382
2017-04-06 04:00:00,49.310179999999995,58.90173000000001,79.02768,68.11999,70.52229,44.43018,66.25701
2017-04-07 04:00:00,49.301,58.848180000000006,78.99899,68.10121,70.56915,44.402229999999996,66.20237
2017-04-10 04:00:00,49.08984,58.70539,78.97986,68.10121,70.59725999999999,44.467459999999996,66.27521999999999
2017-04-11 04:00:00,48.970490000000005,59.10699,78.8938,68.1106,70.54101999999999,44.51405,66.17505
2017-04-12 04:00:00,49.23673,59.25871,78.59735,67.89471,70.29736,44.45814,65.8017
2017-04-13 04:00:00,49.20919,58.99097,78.2244,67.54739000000001,70.13804,44.290409999999994,65.31907
2017-04-17 04:00:00,49.50297,59.39258,79.04681,68.05428,70.59725999999999,44.57928,65.8017
2017-04-18 04:00:00,48.99803,59.30333,78.99899,67.83838,70.5504,44.58859,65.53761
2017-04-19 04:00:00,48.76851,59.01774,79.12331,67.60370999999999,70.4473,44.57928,65.49208
2017-04-20 04:00:00,49.20001,59.25871,79.58233,68.09183,70.85965999999999,44.71906,66.16595
2017-04-21 04:00:00,49.41117,59.20515,79.56319,67.9698,70.80344000000001,44.6911,65.87454
2017-04-24 04:00:00,49.72332,60.11546,80.37605,68.54239,71.39385,45.026559999999996,66.66679
2017-04-25 04:00:00,50.00792,60.2404,80.83506,69.00235,71.74998000000001,45.15702,66.9855
2017-04-26 04:00:00,49.87021,59.99052,80.5673,68.88031,71.85307,45.1477,67.04015
2017-04-27 04:00:00,49.74168,60.11546,80.94981999999999,68.93664,71.85307,45.19429,67.06747
2017-04-28 04:00:00,49.8243,60.02621,81.07413000000001,68.75829,71.85307,45.09179,66.73053
2017-05-01 04:00:00,49.934470000000005,60.10653000000001,81.4949,68.68319,71.46883000000001,45.0452,66.77606999999999
2017-05-02 04:00:00,50.274159999999995,60.54383000000001,81.35146,68.80521999999999,71.25327,45.026559999999996,66.80338
2017-05-03 04:00:00,50.08137,60.46351,81.12195,68.71135,71.19705,44.86815,66.69411
2017-05-04 04:00:00,49.8243,60.945440000000005,81.25583,68.78645,71.3095,45.0452,66.62125999999999
2017-05-05 04:00:00,50.08137,61.391659999999995,81.6766,69.02112,71.77809,45.21293,67.03104
2017-05-08 04:00:00,50.08137,61.231019999999994,81.61922,68.99296,71.44071,45.07315,67.10389
2017-05-09 04:00:00,50.37515,61.28456,81.59053,68.98357,71.35637,44.96133,67.14941999999999
2017-05-10 04:00:00,50.58631,61.355959999999996,82.17387,68.97419000000001,71.52505,45.01724,67.24959
2017-05-11 04:00:00,50.632220000000004,61.26671999999999,82.14518000000001,68.81461,71.39385,44.952009999999994,67.04925
2017-05-12 04:00:00,50.71484,61.73079,82.28863,68.72074,71.05646999999999,44.86815,66.75785
2017-05-15 04:00:00,50.98109,62.04315,82.91977,69.11498,71.55317,45.08247,67.1221
2017-05-16 04:00:00,50.935179999999995,62.4269,83.05365,69.05866,71.30014,44.91474,66.93998
2017-05-17 04:00:00,50.365970000000004,62.22164,81.4949,68.1763,70.59725999999999,44.663140000000006,65.41923
2017-05-18 04:00:00,50.00792,62.39121,82.09737,68.31711,70.69097,44.784279999999995,65.49208
2017-05-19 04:00:00,50.85255,62.730340000000005,82.59464,68.67381,71.12207,44.952009999999994,65.98382
2017-05-22 04:00:00,50.87092,62.766040000000004,83.35011,69.11498,71.59066,45.24088,66.2479
2017-05-23 04:00:00,50.779109999999996,62.730340000000005,83.46486,69.08681999999999,71.62814,45.29679,66.5302
2017-05-24 04:00:00,50.89846,62.792809999999996,83.89519,69.28394,71.94678,45.48317,66.56662
2017-05-25 04:00:00,51.08208,62.87313,84.56459,69.68758000000001,72.33102,45.81862,66.79427
2017-05-26 04:00:00,51.137159999999994,62.81066,84.69847,69.66881,72.31229,45.79067,66.82159
2017-05-30 04:00:00,50.9719,62.96238,84.88972,69.63126,72.24668,45.8559,66.77606999999999
2017-05-31 04:00:00,50.76993,63.19441,84.93754,69.78145,72.26543000000001,45.99568,66.64858000000001
2017-06-01 04:00:00,51.14634,63.65849,85.54,70.26017,73.02454,46.3125,67.30423
2017-06-02 04:00:00,51.36668,64.14933,85.98946,70.4573,73.28694,46.44296,67.35885999999999
2017-06-05 04:00:00,51.32996,63.979769999999995,85.83646,70.41036,73.15574000000001,46.38705,67.18584
2017-06-06 04:00:00,51.385040000000004,63.979769999999995,85.62607,70.15692,72.79024,46.21931,66.89445
2017-06-07 04:00:00,51.458490000000005,63.836980000000004,86.14246,70.21324,72.7715,46.331140000000005,67.09478
2017-06-08 04:00:00,51.568659999999994,63.52462,86.42935,70.28833,72.91208,46.09818,67.28601
2017-06-09 04:00:00,51.17389,63.02485,85.54956999999999,70.34466,72.93082,46.07022,67.43172
2017-06-12 04:00:00,50.99945,62.91775,85.27224,70.30711,73.18385,46.06091,67.50456
2017-06-13 04:00:00,51.23815,63.3372,85.9799,70.67319,73.55872,46.21,67.74133
2017-06-14 04:00:00,51.26569,63.506769999999996,85.80776999999999,70.65442,73.58684000000001,46.30318,67.48635
2017-06-15 04:00:00,50.935179999999995,63.105169999999994,85.6452,70.61686999999999,73.56809,46.36841,67.14031999999999
2017-06-16 04:00:00,50.98109,63.60493,85.54,70.67319,73.55872,46.42432,66.85802
2017-06-19 04:00:00,51.228970000000004,63.75666,86.82143,71.18947,73.92421999999999,46.610690000000005,67.50456
2017-06-20 04:00:00,50.80062,63.453540000000004,86.08508,70.71075,73.40878000000001,46.45227,66.9855
2017-06-21 04:00:00,50.902390000000004,63.35341,86.12334,70.64503,73.17448,46.36841,66.91266
2017-06-22 04:00:00,51.09667,63.41713000000001,85.92251999999999,70.57933,73.12762,46.28455,67.04015
2017-06-23 04:00:00,51.346470000000004,63.50815,85.76952,70.70135,73.09013,46.29387,67.09478
2017-06-26 04:00:00,51.68877,63.53547,85.68344,70.72952,73.465,46.36841,67.40439
2017-06-27 04:00:00,51.309459999999994,63.33521,84.93364,70.2228,72.96152,46.01059,67.04324
2017-06-28 04:00:00,51.54075,63.53547,86.05547,70.76065,73.40383,46.1792,67.73989
2017-06-29 04:00:00,51.06892,63.016619999999996,85.25964,69.93972,72.80154,45.72022,67.36406
2017-06-30 04:00:00,51.25395,63.02571999999999,85.23087,70.17562,73.07446,45.83262,67.43739000000001
2017-07-03 04:00:00,51.411229999999996,62.69803,85.23087,70.43039,73.07446,45.83262,67.95071
2017-07-05 04:00:00,51.309459999999994,62.5979,86.00753,70.40208,73.30032,45.870090000000005,67.96905
2017-07-06 04:00:00,50.809870000000004,62.29752,85.47058,69.82648,72.48158000000001,45.48604,67.28157
2017-07-07 04:00:00,51.00416,62.20649,86.30476999999999,70.28885,72.96152,45.76705,67.64822
2017-07-10 04:00:00,51.18919,62.31573,86.69789,70.33604,72.94270999999999,45.68275,67.52906
2017-07-11 04:00:00,51.47599,62.434059999999995,86.65954,70.12844,72.74509,45.60781,67.4649
2017-07-12 04:00:00,52.188359999999996,62.80726,87.44579,70.6946,73.25326,45.90755,67.85905
2017-07-13 04:00:00,52.38264,63.016619999999996,87.54167,70.75121999999999,73.45089,45.870090000000005,68.18904
2017-07-14 04:00:00,52.789719999999996,63.44444,87.88686,71.18528,73.74262,46.13236,68.51904
2017-07-17 04:00:00,52.55843,63.41713000000001,87.86768000000001,71.10979,73.85555,46.16046,68.64735999999999
2017-07-18 04:00:00,52.75271,63.58096999999999,87.80055,71.21358000000001,73.71439000000001,46.123000000000005,68.45487
2017-07-19 04:00:00,52.95625,63.835840000000005,88.25121,71.43061,74.04847,46.3478,68.76653
2017-07-20 04:00:00,52.91924,64.0179,88.16490999999999,71.61933,74.01553,46.44147,68.6932
2017-07-21 04:00:00,52.90999,64.10892,88.14574,71.60046,74.072,46.544509999999995,68.61069
2017-07-24 04:00:00,53.17828000000001,63.817640000000004,88.19368,71.42116999999999,74.15669,46.44147,68.61069
2017-07-25 04:00:00,53.058009999999996,63.71751,88.45255999999999,71.51553,74.33549000000001,46.51641,69.00485
2017-07-26 04:00:00,53.21529,64.06341,88.47173000000001,71.5061,74.10964,46.544509999999995,68.83986
2017-07-27 04:00:00,53.02101,63.945080000000004,87.97314,71.41174000000001,74.14729,46.64754,68.75735999999999
2017-07-28 04:00:00,52.97475,63.98149,87.98273,70.89275,74.09082,46.628809999999994,68.75735999999999
2017-07-31 04:00:00,52.826719999999995,64.19084000000001,88.19368,70.89275,74.1661,46.75995,68.7757
2017-08-01 04:00:00,53.048759999999994,64.54585,88.46215,71.13809,74.33549000000001,46.81615,68.94069
2017-08-02 04:00:00,53.13203000000001,64.55494,88.5005,71.12865,74.11905,46.73185,69.10568
2017-08-03 04:00:00,53.16903000000001,64.77341,88.39503,71.00599,74.09082,46.72248,68.87653
2017-08-04 04:00:00,53.19679,64.68236999999999,88.81692,71.09091,74.12846,46.72248,69.01402
2017-08-07 04:00:00,53.400330000000004,64.65507,89.25798,71.2985,74.19434,46.75995,69.23402
2017-08-08 04:00:00,53.33556,64.32738,89.1621,71.13809,73.95906,46.610079999999996,69.20652
2017-08-09 04:00:00,53.011759999999995,64.29552,89.21964,71.07676,73.9026,46.66628,69.11485
2017-08-10 04:00:00,52.19761,63.76303000000001,87.58961,70.119,73.0274,46.38527,67.96905
2017-08-11 04:00:00,52.34564,63.76303000000001,87.66632,70.10014,72.95683000000001,46.432109999999994,68.00571
2017-08-14 04:00:00,52.6787,64.10892,89.10457,70.77009,73.6391,46.85362,68.67487
2017-08-15 04:00:00,52.66019,64.03155,89.12374,70.77009,73.52617,46.90982,68.68403
2017-08-16 04:00:00,53.16903000000001,64.3911,89.26756999999999,70.91163,73.89319,47.06906,68.7207
2017-08-17 04:00:00,52.62319,63.88136,87.54167,69.80762,72.82037,46.535140000000006,67.52906
2017-08-18 04:00:00,52.937740000000005,63.97238,87.53208000000001,69.62833,72.71684,46.44616,67.2724
2017-08-21 04:00:00,52.9655,64.13623,87.44579,69.78874,72.80154,46.628809999999994,67.25407
2017-08-22 04:00:00,53.363319999999995,64.22725,88.78815,70.43039,73.33796,46.95666,67.99655
2017-08-23 04:00:00,53.39106999999999,64.31828,88.37585,70.23224,73.21091,46.75995,67.86822
2017-08-24 04:00:00,53.5391,64.13623,88.27038,70.18505,73.11211,46.628809999999994,67.71239
2017-08-25 04:00:00,53.705630000000006,64.30917,88.30874,70.33604,73.41325,46.77868,68.01488
2017-08-28 04:00:00,53.742630000000005,64.44572,88.37585,70.39265,73.11211,46.77868,68.10655
2017-08-29 04:00:00,53.696380000000005,64.20905,88.40462,70.37378000000001,73.12527,46.79742,68.11570999999999
2017-08-30 04:00:00,53.66862,64.19084000000001,88.9991,70.80783000000001,73.36619,46.900459999999995,68.48236999999999
2017-08-31 04:00:00,53.78889,64.72789,89.48810999999999,71.22301999999999,73.67674,47.11589,68.92236
2017-09-01 04:00:00,54.07569,64.60956,89.71822,71.35513,73.95906,47.07843,69.40818
2017-09-05 04:00:00,53.58535,64.25455,88.59639,70.86445,73.23444,46.88172,68.72986999999999
2017-09-06 04:00:00,53.71488000000001,64.4093,88.86486,71.02486,73.46970999999999,46.96602,69.12402
2017-09-07 04:00:00,53.983169999999994,65.00097,88.37585,71.24189,73.36619,47.06906,68.95903
2017-09-08 04:00:00,53.79815,65.18301,88.41421,71.31738,73.60146,47.2283,68.79403
2017-09-11 04:00:00,54.15896,65.26494,89.53604,72.0062,74.4202,47.58424,69.62817
2017-09-12 04:00:00,54.1312,65.22853,89.96752,72.23267,74.61782,47.58424,70.14149
2017-09-13 04:00:00,53.89066,64.737,90.08258000000001,72.12888000000001,74.4202,47.443740000000005,70.26983
2017-09-14 04:00:00,53.97391999999999,64.82802,89.95793,72.18549,74.45784,47.453109999999995,70.16899000000001
2017-09-15 04:00:00,54.32549,64.77341,90.40858,72.47800000000001,74.58959,47.47184,70.42565
2017-09-18 04:00:00,54.464259999999996,64.737,91.01265,72.70448,74.73075,47.518679999999996,70.49899
2017-09-19 04:00:00,54.54752,64.85987,91.22359,72.8177,74.69311,47.3969,70.48065
2017-09-20 04:00:00,54.464259999999996,64.56405,91.20442,72.6856,74.61782,47.35007,70.45773
2017-09-21 04:00:00,54.26073,64.27277,90.94553,72.47800000000001,74.54253,47.15336,70.33399
2017-09-22 04:00:00,54.21447,64.50033,90.98389,72.71391,74.65545999999999,47.181459999999994,70.46231999999999
2017-09-25 04:00:00,53.5206,64.53674000000001,90.13051999999999,72.7894,74.65545999999999,47.1721,70.59980999999999
2017-09-26 04:00:00,53.43733,64.4002,90.15553,72.87469,74.75484,47.133520000000004,70.80181999999999
2017-09-27 04:00:00,53.50209,64.21815,91.33824,73.12111999999999,74.85896,47.15234,71.24455
2017-09-28 04:00:00,53.41883000000001,64.4002,91.43439000000001,73.0453,74.8353,47.21819,71.17076999999999
2017-09-29 04:00:00,53.75188000000001,64.68236999999999,92.00171999999999,73.11164000000001,75.10505,47.35931,71.31834
2017-10-02 04:00:00,53.75188000000001,64.64596999999999,92.37671999999999,73.52866,75.51205,47.509840000000004,71.964
2017-10-03 04:00:00,54.25147,64.80071,92.66519,73.70874,75.61616,47.59451,72.35141
2017-10-04 04:00:00,54.0942,64.80981,92.69404,73.84143,75.74866999999999,47.698,72.30529
2017-10-05 04:00:00,54.37175,64.737,93.26135,74.30584,75.99476999999999,47.857929999999996,72.67424
2017-10-06 04:00:00,54.22371999999999,64.67328,93.35750999999999,74.16367,75.90012,47.79208,72.49899
2017-10-09 04:00:00,54.28848000000001,64.72789,93.24213,74.23949,75.72974,47.688590000000005,72.37908
2017-10-10 04:00:00,54.64929,65.32865,93.41521,74.55227,75.83386,47.81089,72.71114
2017-10-11 04:00:00,54.83432,65.55621,93.5402,74.73234000000001,75.90012,47.89557,72.75726
2017-10-12 04:00:00,54.84356999999999,65.65634,93.26135,74.74181999999999,76.07049,47.97083,72.41598
2017-10-13 04:00:00,55.28765,65.89301,93.46328000000001,74.78922,76.1462,48.00846,72.65579
2017-10-16 04:00:00,55.23214,65.65634,93.98252,74.77025,76.1462,47.961420000000004,72.70191
2017-10-17 04:00:00,55.09336999999999,65.55621,94.02098000000001,74.86503,76.1462,48.07431,72.70191
2017-10-18 04:00:00,54.96385,65.61993000000001,94.26137,74.95981,76.25031,48.09313,72.83105
2017-10-19 04:00:00,54.64929,65.46519,94.54984,75.08301999999999,76.3639,48.31892,72.75726
2017-10-20 04:00:00,54.83432,65.33776,95.53062,75.42421999999999,76.78983000000001,48.48826,73.24611999999999
2017-10-23 04:00:00,54.55678,65.20121999999999,95.3287,75.301,76.68571,48.45063,73.2
2017-10-24 04:00:00,54.51051999999999,65.08289,95.87679,75.32944,76.67625,48.33773,73.5136
2017-10-25 04:00:00,54.35324,64.79160999999999,95.29985,75.12093,76.35443000000001,48.271879999999996,73.01553
2017-10-26 04:00:00,54.08494,64.82802,95.47293,75.24414,76.57213,48.2907,73.14466
2017-10-27 04:00:00,54.64004,65.1284,96.64603000000001,75.42421999999999,76.54374,48.50708,73.31068
2017-10-30 04:00:00,54.32549,65.15571,96.3768,75.1778,76.18406,48.23425,73.06164
2017-10-31 04:00:00,54.76031,65.33776,96.63641,75.24414,76.35443000000001,48.281290000000006,73.18155
2017-11-01 04:00:00,54.926840000000006,65.22853,96.41525,75.28205,76.38283,48.23425,73.3937
2017-11-02 04:00:00,54.90834,65.21943,96.79026999999999,75.42421999999999,76.3639,48.35655,73.52283
2017-11-03 04:00:00,54.82507,65.18301,97.26143,75.55691,76.48695,48.413000000000004,73.68885999999999
2017-11-06 05:00:00,55.30616,65.37416999999999,97.41528000000001,75.65169,76.67625,48.31892,73.82722
2017-11-07 05:00:00,55.12113000000001,65.29225,97.13642,75.53795,76.59106,48.525890000000004,73.59663
2017-11-08 05:00:00,55.24139,65.45609,97.08835,75.80334,76.76143,48.66701,73.77186999999999
2017-11-09 05:00:00,55.17663,65.26494,96.34795,75.51899999999999,76.60999,48.57293,73.55972
2017-11-10 05:00:00,55.065619999999996,65.1375,96.6268,75.61378,76.47749,48.525890000000004,73.65196
2017-11-13 05:00:00,54.926840000000006,64.84622,96.86719000000001,75.68011,76.75196,48.685829999999996,73.70730999999999
2017-11-14 05:00:00,54.751059999999995,64.88263,96.70373000000001,75.70855,76.72357,48.7799,73.38448000000001
2017-11-15 05:00:00,54.48276,64.64596999999999,96.3768,75.2631,76.57213,48.45063,73.10777
2017-11-16 05:00:00,55.28765,65.21032,97.29028000000001,75.83176,77.08324,48.76109,74.1685
2017-11-17 05:00:00,55.49119,65.05558,96.93449,75.84124,77.08324,48.59175,74.07625999999999
2017-11-20 05:00:00,55.38016999999999,65.21943,97.39605,75.98340999999999,77.18736,48.62938,74.33452
2017-11-21 05:00:00,55.907509999999995,65.5107,98.12683,76.4573,77.44291,48.91162,74.7496
2017-11-22 05:00:00,55.94452,65.71096,97.72296999999999,76.29616999999999,77.3388,48.7705,74.75882
2017-11-24 05:00:00,55.87976,66.05685,97.90567,76.42886,77.43345,48.883390000000006,74.76804
2017-11-27 05:00:00,55.40792,65.83839,97.71336,76.40991,77.5281,48.98688,74.48210999999999
2017-11-28 05:00:00,55.8335,66.18429,98.90569,77.23447,78.30424000000001,49.353790000000004,75.37682
2017-11-29 05:00:00,55.29691,66.07506,98.38645,77.37664000000001,78.65443,49.44787,75.80111
2017-11-30 05:00:00,54.769569999999995,66.2298,99.33839,77.95479,79.10876,49.76773,76.2254
2017-12-01 05:00:00,54.74181,66.1934,98.72299,77.98321999999999,79.00465,49.720690000000005,76.0317
2017-12-04 05:00:00,54.40875,65.89301,97.48258,78.04008,79.2318,49.58898,76.39143
2017-12-05 05:00:00,54.77881,65.86570999999999,97.38643,77.84105,78.62605,49.42905,75.93947
2017-12-06 05:00:00,54.30698,65.82929,97.60759,77.79366999999999,78.51246,49.46668,75.74577
2017-12-07 05:00:00,54.57528000000001,65.91122,98.24221,78.09695,78.81534,49.51372,76.04093
2017-12-08 05:00:00,55.01936,66.17064,98.80953000000001,78.45711,79.10876,49.720690000000005,76.6128
2017-12-11 05:00:00,55.29691,66.10237,98.91530999999999,78.59928000000001,79.19394,49.77714,76.98635999999999
2017-12-12 05:00:00,55.09336999999999,66.21159,98.99223,78.63719,79.36431,49.79596,77.00021
2017-12-13 05:00:00,55.70398,66.65762,98.92492,78.6751,79.27913000000001,49.890029999999996,76.92641
2017-12-14 05:00:00,55.51894,66.29353,98.42491,78.35285,78.77749,49.67365,76.40066
2017-12-15 05:00:00,55.574459999999995,66.26621999999999,99.52109,78.94048000000001,79.38325,50.12523,77.13856
2017-12-18 05:00:00,56.12955,66.63941,100.2999,79.41436999999999,79.8281,50.2099,78.07016
2017-12-19 05:00:00,55.87183,66.38683,99.93456,79.26272,79.60094000000001,49.92767,77.83955999999999
2017-12-20 05:00:00,55.928259999999995,66.11227,99.91533000000001,79.23429,79.4779,49.80536,78.07016
2017-12-21 05:00:00,56.172819999999994,66.21294,99.83624,79.18478,79.38389000000001,49.77323,78.20089
2017-12-22 05:00:00,56.6149,66.34106,99.81695,79.12765999999999,79.52632,49.79213,78.13599
2017-12-26 05:00:00,56.54906,66.41428,99.55656,79.1467,79.54531,49.80158,77.95055
2017-12-27 05:00:00,56.652530000000006,66.56985999999999,99.81695,79.23238,79.589,49.924459999999996,77.83928
2017-12-28 05:00:00,56.934709999999995,66.67053,100.0195,79.32759,79.66875999999999,50.00007,78.00618
2017-12-29 05:00:00,57.15105,66.78950999999999,99.46011,78.92772,79.64027,49.88665,77.5333
2018-01-02 05:00:00,57.96937,67.08236,100.2413,79.28950999999999,79.64027,49.867740000000005,78.56251
2018-01-03 05:00:00,58.27036999999999,67.27455,101.2443,79.85124,80.00111,49.97172,78.65523
2018-01-04 05:00:00,58.47729,67.64062,102.09299999999999,80.21304,80.14355,50.17021,79.09102
2018-01-05 05:00:00,58.86295,67.7962,102.9127,80.73668,80.78925,50.4254,79.45263
2018-01-08 05:00:00,58.938190000000006,67.77789,103.20200000000001,80.98421,80.92219,50.51047,79.61025
2018-01-09 05:00:00,58.85354,67.78704,103.5878,81.23176,81.1121,50.53883,79.60098
2018-01-10 05:00:00,58.69364,67.64976999999999,103.4817,81.07943,80.72278,50.293079999999996,79.61025
2018-01-11 05:00:00,59.079280000000004,67.86026,104.1857,81.50787,81.38747,50.444309999999994,80.59309
2018-01-12 05:00:00,59.48375,68.23548000000001,105.1791,82.09816,81.61537,50.59554,81.20506
2018-01-16 05:00:00,59.323840000000004,68.18056999999999,104.9476,81.81253000000001,81.17857,50.55773,80.89908
2018-01-17 05:00:00,59.8788,68.53749,106.6932,82.95503000000001,82.11864,51.03032,81.67793
2018-01-18 05:00:00,59.916419999999995,68.3636,106.5775,82.71701,81.74831,50.9358,81.58521
2018-01-19 05:00:00,60.31146999999999,68.61986,107.2044,83.24065999999999,82.34179,51.15319,81.77065
2018-01-22 05:00:00,60.650090000000006,68.90356,107.8602,83.67860999999999,82.66939,51.47455,82.36407
2018-01-23 05:00:00,60.772369999999995,69.23302,107.9952,83.69766,83.07771,51.55962,82.38261
2018-01-24 05:00:00,61.1298,69.58079000000001,107.7541,83.47868000000001,83.06821,51.58798,82.14153
2018-01-25 05:00:00,61.04514,69.44351,107.9952,83.49772,83.17645999999999,51.84317,81.73357
2018-01-26 05:00:00,61.58129,69.98347,109.51899999999999,84.36412,83.73291,52.27796,82.8833
2018-01-29 05:00:00,60.932269999999995,69.34284,108.6896,83.62149000000001,83.54299999999999,51.88098,82.45679
2018-01-30 05:00:00,60.179790000000004,68.96762,107.0211,82.72653000000001,82.57443,51.57853,81.20506
2018-01-31 05:00:00,60.64069,68.94017,107.6384,82.53612,82.39401,51.62578,80.91762
2018-02-01 05:00:00,60.16098,69.11404,107.5323,82.60276,82.53645,51.48401,80.75999
2018-02-02 05:00:00,59.18275,68.09821,105.0537,80.89854,81.1311,50.62389,78.65523
2018-02-05 05:00:00,57.771840000000005,65.76451,100.5595,77.80426,78.31087,48.799690000000005,75.63252
2018-02-06 05:00:00,58.70304,66.47834,102.9995,79.0134,78.83314,49.1116,77.41277
2018-02-07 05:00:00,57.80947,65.84687,102.6523,78.72778000000001,79.26994,48.960370000000005,77.29223
2018-02-08 05:00:00,56.059940000000005,64.62054,98.31246,75.9953,77.35656,47.485890000000005,74.41788000000001
2018-02-09 05:00:00,56.69015,65.08728,100.2702,77.24253,77.68415999999999,48.27039,75.32654000000001
2018-02-12 05:00:00,56.97233000000001,65.92008,102.0255,78.16605,78.11147,48.742979999999996,76.45774
2018-02-13 05:00:00,57.16045,65.83771999999999,102.4691,78.45168000000001,78.21592,48.89421,76.75445
2018-02-14 05:00:00,58.07284,66.97254000000001,104.3497,79.47993000000001,78.08298,49.30064,77.91346
2018-02-15 05:00:00,58.750069999999994,67.40267,105.64200000000001,80.46058000000001,80.06756999999999,49.915009999999995,78.68304
2018-02-16 05:00:00,58.69364,67.74128,105.5359,80.50818000000001,80.39043000000001,50.07569,78.6645
2018-02-20 05:00:00,58.19511,67.18303,105.5166,80.06069000000001,79.63078,49.565290000000005,78.03399999999999
2018-02-21 05:00:00,58.13868000000001,66.89931999999999,105.0151,79.53706,80.229,49.22503,77.56111999999999
2018-02-22 05:00:00,58.204519999999995,67.2654,105.1887,79.56560999999999,79.17498,49.272290000000005,77.66311999999999
2018-02-23 05:00:00,59.01344,67.80534,106.8379,80.86045,80.14355,49.97172,78.94266999999999
2018-02-26 05:00:00,59.24859,68.45512,108.0916,81.77445,81.00764000000001,50.41595,79.96259
2018-02-27 05:00:00,58.204519999999995,67.43013,107.079,80.86045,80.16728,49.82994,79.06319
2018-02-28 05:00:00,57.57431999999999,66.87187,106.0664,80.13686,79.16549,49.42824,78.24725
2018-03-01 05:00:00,57.452040000000004,66.20379,104.1665,79.11813000000001,78.2634,48.88476,77.18096
2018-03-02 05:00:00,57.724819999999994,66.49665,104.50399999999999,79.6037,78.29188,49.1305,77.57966
2018-03-05 05:00:00,57.68719,66.86272,105.7481,80.37489000000001,79.69724000000001,49.688159999999996,78.38634
2018-03-06 05:00:00,58.00699,67.21964,106.0567,80.75572,79.97736,49.754329999999996,78.67376999999999
2018-03-07 05:00:00,58.14809,67.27455,106.3075,80.65099000000001,80.12455,49.78268,78.46051999999999
2018-03-08 05:00:00,58.1669,67.48503000000001,106.7704,81.15559,80.32396,50.06623,78.62741
2018-03-09 05:00:00,59.01344,67.88771,108.8632,82.51706999999999,81.39222,50.65225,79.93478
2018-03-12 04:00:00,59.163940000000004,68.03414000000001,108.7956,82.50755,81.36848,50.51992,79.94405
2018-03-13 04:00:00,58.778290000000005,67.75043000000001,107.9759,82.1172,81.1311,50.46321,79.72152
2018-03-14 04:00:00,58.84414,67.90601,107.3972,81.55547,80.6753,50.24582,79.16519
2018-03-15 04:00:00,58.7877,67.80534,107.4937,81.57451,80.54236,50.19856,78.96121
2018-03-16 04:00:00,58.84414,67.80534,107.6191,81.77445,81.08361,50.340340000000005,79.32282
2018-03-19 04:00:00,58.40205,67.32946,106.3943,80.73668,80.52337,49.94336,78.31215999999999
2018-03-20 04:00:00,58.92879,67.24709,107.2044,81.06515,80.32396,50.00007,78.43269000000001
2018-03-21 04:00:00,59.09809,67.41183000000001,106.8282,80.93661,80.38094,49.77323,78.29361999999999
2018-03-22 04:00:00,57.74363,66.53325,103.3323,78.83939000000001,78.87416999999999,48.84755,76.45132
2018-03-23 04:00:00,56.96293000000001,66.05736999999999,100.7412,77.07976,77.45411999999999,48.13548,74.56801999999999
2018-03-26 04:00:00,58.41145,66.89017,104.1637,79.26017,78.60255,49.094390000000004,76.76831999999999
2018-03-27 04:00:00,57.706,66.58816999999999,101.3793,78.0839,77.62567,48.68615,75.50967
2018-03-28 04:00:00,57.65897,66.94508,100.7606,77.94523000000001,78.0736,48.81906,75.39779
2018-03-29 04:00:00,58.6372,67.43928000000001,102.4041,79.0976,78.95994,49.30327,76.46996999999999
2018-04-02 04:00:00,57.90353,66.66138000000001,99.175,77.20408,77.29688,48.47728,74.74516
2018-04-03 04:00:00,58.70304,67.00915,100.3448,78.29429,77.90205,48.99945,75.85463
2018-04-04 04:00:00,58.740669999999994,67.21964,101.505,79.26974,78.08314,49.50264,76.759
2018-04-05 04:00:00,58.750069999999994,67.55825,102.3751,79.63314,79.30303,49.74,77.20651
2018-04-06 04:00:00,57.917640000000006,67.23794000000001,99.69708,77.83525,77.28256999999999,48.88552,75.58425
2018-04-09 04:00:00,58.3268,67.92432,100.1128,78.02651,78.55013000000001,49.05642,75.82666
2018-04-10 04:00:00,59.29561999999999,68.08905,102.3655,79.35580999999999,78.76933000000001,49.52163,77.1972
2018-04-11 04:00:00,59.229780000000005,67.60401,101.6307,78.87765,78.512,49.29377,76.80561
2018-04-12 04:00:00,59.210969999999996,67.67721999999999,103.2356,79.41319,78.979,49.379220000000004,77.62607
2018-04-13 04:00:00,58.82532,67.5857,102.2108,79.11673,78.59778,49.4077,77.32772
2018-04-16 04:00:00,58.83472,67.95177,102.9165,79.73833,79.46029,49.9109,78.06426
2018-04-17 04:00:00,58.71244,68.27209,104.6278,80.40777,80.16077,50.33813,78.63298
2018-04-18 04:00:00,58.815909999999995,68.48258,104.8695,80.12086,80.27515,50.31915,78.8008
2018-04-19 04:00:00,58.54314,68.0799,104.6665,79.2028,79.56989,49.95837,78.02696999999999
2018-04-20 04:00:00,58.11987,67.75959,103.98,78.51424,79.18867,49.597590000000004,77.2438
2018-04-23 04:00:00,57.83769,67.60401,103.6997,78.42818,79.20773,49.66405,77.32772
2018-04-24 04:00:00,57.47085,67.36607,101.8241,77.5101,78.31187,49.23681,76.7217
2018-04-25 04:00:00,57.40501,67.27455,101.9787,77.64399,78.55013000000001,49.23681,77.15057
2018-04-26 04:00:00,57.762440000000005,67.80534,103.6223,78.4473,79.14101,49.66405,77.47689
2018-04-27 04:00:00,57.83769,68.03414000000001,103.6803,78.5525,79.22679000000001,49.71152,77.45824
2018-04-30 04:00:00,57.508480000000006,67.8145,102.9165,78.06477,78.90276,49.4077,76.76831999999999
2018-05-01 04:00:00,57.357980000000005,67.63147,103.5546,78.10302,78.55013000000001,49.33175,76.80561
2018-05-02 04:00:00,57.11342,67.43013,102.6362,77.84482,78.34045,48.84755,76.37674
2018-05-03 04:00:00,56.906490000000005,67.62231,102.8585,77.86394,77.7734,48.86654,75.92922
2018-05-04 04:00:00,57.028769999999994,67.73214,103.9414,78.82027,78.72166999999999,49.38872,76.90816
2018-05-07 04:00:00,56.7654,67.8145,104.7728,79.00197,78.74074,49.42669,76.93613
2018-05-08 04:00:00,56.897090000000006,67.96093,105.2175,79.08804,78.67403,49.36023,77.02005
2018-05-09 04:00:00,56.69955,67.75043000000001,106.6001,79.75747,79.21726,49.5691,77.64471
2018-05-10 04:00:00,57.62135,68.02499,107.3348,80.3982,79.71284,50.053309999999996,78.40923000000001
2018-05-11 04:00:00,57.56491,68.19887,107.4122,80.61816,79.8558,50.15775,78.6423
2018-05-14 04:00:00,57.87531,68.18972,107.4315,80.53209,80.1989,50.053309999999996,78.85674
2018-05-15 04:00:00,57.15105,67.60401,106.7451,80.00610999999999,79.26968000000001,49.702020000000005,78.62366
2018-05-16 04:00:00,57.724819999999994,67.67721999999999,107.1898,80.42689,79.5127,49.77798,79.29494
2018-05-17 04:00:00,57.038169999999994,67.68637,106.9191,80.51295999999999,79.72237,49.66405,79.29494
2018-05-18 04:00:00,56.80302,67.55825,106.7451,80.35995,79.64613,49.64506,78.77283
2018-05-21 04:00:00,57.15105,67.97923,107.7989,80.78073,80.25608000000001,49.97735,79.40682
2018-05-22 04:00:00,57.2263,67.8145,107.3735,80.51295999999999,80.02735,49.74,79.30426
2018-05-23 04:00:00,57.2263,67.49419,107.8279,80.84768000000001,80.11312,50.01533,79.22968
2018-05-24 04:00:00,57.28273000000001,67.62231,107.7699,80.81898000000001,80.07024,49.996340000000004,79.15509
2018-05-25 04:00:00,57.59313,67.53995,107.4605,80.57034,80.04641,49.97735,78.86607
2018-05-29 04:00:00,56.6149,66.76205,106.0973,79.77659,79.24585,49.67354,77.92442
2018-05-30 04:00:00,56.83124,67.42097,107.5379,80.81898000000001,80.22272,50.28117,78.78216
2018-05-31 04:00:00,57.27332,67.09151,106.4647,80.16869,79.45551999999999,49.9014,78.28801999999999
2018-06-01 04:00:00,57.668380000000006,67.3203,108.1566,81.0485,80.1036,50.129259999999995,79.19239
2018-06-04 04:00:00,57.86591,67.50334000000001,108.9301,81.53623,80.32279,50.3856,79.57464
2018-06-05 04:00:00,57.677780000000006,67.49419,109.4425,81.66055,80.39904,50.366620000000005,79.73313
2018-06-06 04:00:00,58.29858,67.75043000000001,110.4963,82.38736,80.89461999999999,50.63245,80.40442
2018-06-07 04:00:00,57.884719999999994,67.49419,109.5392,82.30128,81.05664,50.670429999999996,80.57224000000001
2018-06-08 04:00:00,57.78125,67.55825,109.9066,82.54993,81.42833,50.92677,80.69344
2018-06-11 04:00:00,57.73421999999999,67.86026,109.8099,82.43517,81.53316,50.91728,80.87991
2018-06-12 04:00:00,57.677780000000006,67.67721999999999,110.1193,82.55949,81.69518000000001,51.01222,80.82396999999999
2018-06-13 04:00:00,57.36739,67.70468000000001,110.0902,82.0909,81.35209,50.78436,80.50697
2018-06-14 04:00:00,57.094609999999996,67.44843,110.5543,82.19609,81.58081999999999,50.97424,80.479
2018-06-15 04:00:00,56.71836999999999,67.32946,110.2449,82.33954,81.37114,51.145140000000005,80.3578
2018-06-18 04:00:00,56.20104,67.02745,110.361,82.0909,81.54269000000001,50.96475,80.10606999999999
2018-06-19 04:00:00,55.68968,66.57274,109.6358,81.77531,81.31396,50.88879,79.65855
2018-06-20 04:00:00,55.66121999999999,66.61008000000001,110.2353,81.68924,81.43786,50.86031,79.78908
2018-06-21 04:00:00,54.92122,66.50738,109.2201,81.06285,80.96133,50.7179,79.22035
2018-06-22 04:00:00,55.405069999999995,67.08627,108.4273,81.12501,81.4188,50.89829,79.20170999999999
2018-06-25 04:00:00,54.98763,66.46069,105.991,80.09218,80.65635999999999,50.69891,78.07359
2018-06-26 04:00:00,54.85481,66.65677,106.4856,80.18536,80.81657,50.65213,78.18516
2018-06-27 04:00:00,54.10531999999999,66.18992,105.0018,79.40724,80.02031,50.28938,77.57573000000001
2018-06-28 04:00:00,54.25711999999999,66.18992,106.1849,79.97402,80.38486,50.66168,77.65073000000001
2018-06-29 04:00:00,54.873780000000004,66.42334,106.3886,80.16615,80.85495,50.7476,77.45384
2018-07-02 04:00:00,54.437369999999994,65.75108,106.8444,80.18536,80.32731,50.82397,77.62261
2018-07-03 04:00:00,54.45635,65.97516999999999,105.9716,80.06048,80.50958,50.8526,77.20069000000001
2018-07-05 04:00:00,54.3425,66.73147,106.6893,80.71370999999999,81.11398,51.25354,77.88513
2018-07-06 04:00:00,54.7884,67.12361999999999,107.6591,81.40539,81.71838000000001,51.52084,78.44768
2018-07-09 04:00:00,55.594809999999995,67.45040999999999,108.8907,82.05861999999999,82.04456,51.58289,79.49778
2018-07-10 04:00:00,55.547369999999994,67.32903,109.1623,82.36604,82.38513,51.87405,79.68529000000001
2018-07-11 04:00:00,54.90224,66.54472,108.5901,81.77044000000001,81.98700000000001,51.769040000000004,78.61645
2018-07-12 04:00:00,55.57584,67.11428000000001,110.103,82.43328000000001,82.39952,52.103159999999995,79.23525
2018-07-13 04:00:00,55.613780000000006,67.20766,109.9381,82.52935,82.39952,52.12225,79.2165
2018-07-16 04:00:00,55.51891,67.10495,110.006,82.15469,82.13091,51.96951,79.15087
2018-07-17 04:00:00,55.75609,67.36638,110.5976,82.69266,82.50505,52.14134,79.35714
2018-07-18 04:00:00,55.80353,67.33369,110.8789,82.86077,82.49546,52.14134,79.60091
2018-07-19 04:00:00,55.30545,67.08627,110.1224,82.71186999999999,82.66814000000001,52.150890000000004,79.42277
2018-07-20 04:00:00,55.92686,67.74919,110.2194,82.54856,82.44749,52.1127,79.12274000000001
2018-07-23 04:00:00,55.66121999999999,67.72118,110.42299999999999,82.53895,82.38991999999999,52.026790000000005,79.31963
2018-07-24 04:00:00,56.140319999999996,67.78654,110.3357,82.89439,82.25562,52.09361,79.41339
2018-07-25 04:00:00,56.60045,68.21604,111.8099,83.73016,82.82164,52.5041,79.76968000000001
2018-07-26 04:00:00,56.22096,68.01063,111.4704,83.66291,83.19099,52.570919999999994,80.04158000000001
2018-07-27 04:00:00,56.434430000000006,68.16003,109.7927,83.14416999999999,82.75449,52.341809999999995,79.61029
2018-07-30 04:00:00,56.37276,68.16003,107.8627,82.58699,82.38991999999999,52.03633,79.77905
2018-07-31 04:00:00,56.809169999999995,68.18803,108.2603,83.14416999999999,82.99433,52.41818,80.09783
2018-08-01 04:00:00,56.462880000000006,67.86124000000001,108.4834,82.92321,82.8888,52.28453,80.01344
2018-08-02 04:00:00,55.96481,67.68384,109.6084,83.21141,82.93675999999999,52.485,80.51974
2018-08-03 04:00:00,56.1925,67.64648000000001,109.6375,83.59566,83.3397,52.771390000000004,81.12917
2018-08-06 04:00:00,55.945840000000004,67.47375,110.2097,83.85504,83.58913000000001,52.914590000000004,81.32607
2018-08-07 04:00:00,56.32532,67.82389,110.7334,84.21049000000001,83.66588,53.0005,81.54171
2018-08-08 04:00:00,56.45814,67.62782,110.9273,84.10481,83.55075,53.0005,81.56984
2018-08-09 04:00:00,56.410709999999995,67.43174,110.9467,83.91268000000001,83.4836,53.010040000000004,81.41045
2018-08-10 04:00:00,55.80353,66.57274,110.3939,83.37472,83.04229000000001,52.828669999999995,80.74476999999999
2018-08-13 04:00:00,55.04455,66.44202,109.8896,83.0577,82.83123,52.69501999999999,80.34161
2018-08-14 04:00:00,55.300709999999995,66.64743,110.6655,83.62449000000001,83.21498000000001,52.99095,80.9229
2018-08-15 04:00:00,54.209680000000006,66.13857,109.2011,83.24984,83.04229000000001,52.962309999999995,80.24784
2018-08-16 04:00:00,54.721990000000005,66.44202,110.0157,83.91268000000001,83.56995,53.3728,81.24168
2018-08-17 04:00:00,55.12045,66.75014,110.0933,84.27773,84.02084,53.67828000000001,81.78548
2018-08-20 04:00:00,55.2343,67.05826,110.6752,84.64278,84.40939,53.773740000000004,82.16051
2018-08-21 04:00:00,55.77506999999999,67.18897,111.03399999999999,84.79648,84.56768000000001,53.67828000000001,82.50742
2018-08-22 04:00:00,55.945840000000004,67.31969000000001,111.5092,84.79648,84.28947,53.535090000000004,82.23552
2018-08-23 04:00:00,55.64225,66.9929,111.645,84.8253,83.94409,53.544630000000005,81.95425
2018-08-24 04:00:00,56.16404,67.36638,112.8864,85.28641,84.54849,53.85011,82.27303
2018-08-27 04:00:00,56.68583,67.93127,113.8077,85.84358,84.74995,53.91693000000001,83.02309
2018-08-28 04:00:00,56.73327,67.79588000000001,113.9532,85.82437,84.80752,53.91693000000001,83.18249
2018-08-29 04:00:00,56.828140000000005,68.13201,114.9424,86.32391,85.23923,54.14605,83.38875999999999
2018-08-30 04:00:00,55.8984,67.71185,114.3799,85.93004,84.70199000000001,53.926480000000005,83.05122
2018-08-31 04:00:00,56.135569999999994,67.44108,114.6126,86.24706,84.62524,54.02194,82.9856
2018-09-04 04:00:00,55.46199,67.02091,114.9909,86.15099000000001,84.8363,53.99331,82.82619
2018-09-05 04:00:00,54.997119999999995,66.47936,113.0221,86.15099000000001,84.93224000000001,54.07921999999999,82.82619
2018-09-06 04:00:00,54.94968000000001,66.36731999999999,113.09,86.04531999999999,84.88427,54.346509999999995,82.16989000000001
2018-09-07 04:00:00,54.91647,66.17125,112.7603,85.74752,84.55808,54.16514,81.86049
2018-09-10 04:00:00,54.60815,66.45135,113.1579,85.95886999999999,84.84589,54.27969,81.84174
2018-09-11 04:00:00,54.589169999999996,66.57274,113.7592,86.1606,85.06654,54.33696,81.973
2018-09-12 04:00:00,54.83583,67.0676,113.9144,86.19903000000001,85.02816999999999,54.432430000000004,82.01051
2018-09-13 04:00:00,55.310190000000006,67.31969000000001,114.5641,86.69856,85.54623000000001,54.71881,82.54493000000001
2018-09-14 04:00:00,55.139419999999994,67.19364,114.7581,86.83305,85.61338,54.728359999999995,82.69494
2018-09-17 04:00:00,54.77891999999999,67.25901,113.381,86.41998000000001,85.36395,54.6329,82.34804
2018-09-18 04:00:00,55.205830000000006,67.93594,114.5932,86.82345,85.575,54.81426999999999,82.7887
2018-09-19 04:00:00,55.699169999999995,67.75853000000001,114.118,86.80904,85.37354,54.51834,83.02309
2018-09-20 04:00:00,56.05019,68.18803,114.8745,87.47668,85.98753,54.84291999999999,83.73566
2018-09-21 04:00:00,56.16404,68.03864,114.7581,87.66882,86.0403,54.96702,83.66065
2018-09-24 04:00:00,55.718140000000005,67.79588000000001,114.9812,87.26534000000001,85.38313000000001,54.575619999999994,83.24812
2018-09-25 04:00:00,55.91737,68.16936,115.3691,87.0444,85.1337,54.51834,82.8637
2018-09-26 04:00:00,55.879430000000006,68.37478,115.1893,86.88814,84.67226,54.32945,82.55918
2018-09-27 04:00:00,56.183009999999996,68.24406,115.51,87.04247,84.72053000000001,54.43493,82.74773
2018-09-28 04:00:00,56.25891,67.98262,115.6655,87.16786,84.90105,54.693819999999995,82.82316
2018-10-01 04:00:00,56.2684,67.90793000000001,116.2682,87.49580999999999,84.6433,54.68423000000001,83.09657
2018-10-02 04:00:00,55.63276,67.54378,115.75299999999999,87.56333000000001,84.88464,54.70341,83.19084000000001
2018-10-03 04:00:00,55.06353000000001,67.35238000000001,116.1321,87.52475,84.62399,54.50204,83.69994
2018-10-04 04:00:00,54.143269999999994,66.27396,114.2853,86.74345,83.93858,54.25274,83.16256
2018-10-05 04:00:00,53.87763,66.1339,113.1287,86.12613,83.93858,54.28151,82.54033000000001
2018-10-08 04:00:00,53.887119999999996,65.92848000000001,112.0789,86.10683,83.95789,54.36781,82.69117
2018-10-09 04:00:00,53.69736999999999,65.94715,112.1081,85.94286,83.78412,54.42533,82.25749
2018-10-10 04:00:00,52.53994,64.87340999999999,107.083,83.00094,81.59274,53.054159999999996,80.0891
2018-10-11 04:00:00,52.20789,64.39721999999999,105.0321,81.07181,80.15434,51.88434,78.23183
2018-10-12 04:00:00,52.82455,64.3412,107.6953,82.24857,80.41499,52.37336,79.08975
2018-10-15 04:00:00,52.54943000000001,64.33185999999999,106.3443,81.82417,80.74322,52.38295,78.6655
2018-10-16 04:00:00,53.42225,65.28423000000001,109.4935,83.33853,81.4962,53.34182,80.15981
2018-10-17 04:00:00,53.09019,64.92943000000001,109.4643,83.29030999999999,81.80511,53.3514,80.04196
2018-10-18 04:00:00,51.97071,64.48125,107.2676,82.20999,80.88802,53.0158,78.85406
2018-10-19 04:00:00,52.41661,64.88274,106.0721,81.82417,81.15833,53.11169,78.78806
2018-10-22 04:00:00,52.805580000000006,64.63065,106.42200000000001,81.67948,80.57911,52.9295,78.47694
2018-10-23 04:00:00,52.226859999999995,64.0891,105.3237,81.14896,79.99023000000001,52.77608000000001,78.13754
2018-10-24 04:00:00,51.05046,63.006009999999996,101.3386,78.64109,78.41669,51.98022,75.38464
2018-10-25 04:00:00,51.78097,63.43551,104.2253,79.82751,79.23725,52.28706,76.94965
2018-10-26 04:00:00,51.34455,63.052690000000005,101.9218,78.73755,78.74491,51.60626,75.9503
2018-10-29 04:00:00,50.789559999999994,62.921969999999995,100.5124,78.58322,77.32582,51.64462,75.99744
2018-10-30 04:00:00,51.55328,63.35146999999999,102.1356,79.8468,78.83179,52.37336,77.20419
2018-10-31 04:00:00,52.16045,63.73429,104.2642,80.57023000000001,80.35707,52.47883,77.93014000000001
2018-11-01 04:00:00,53.175580000000004,64.0424,106.0818,81.49139,80.7384,52.64184,79.06147
2018-11-02 04:00:00,53.213530000000006,63.92103,105.3528,80.97534,80.44395,52.54596,78.1564
2018-11-05 05:00:00,53.3084,64.03307,105.9458,81.45763000000001,81.1004,52.987030000000004,78.72207
2018-11-06 05:00:00,53.42225,64.29451,106.2082,81.98814,81.39967,53.32264,79.16518
2018-11-07 05:00:00,54.16225,65.10683,109.3671,83.66648,82.6836,54.195209999999996,80.56049
2018-11-08 05:00:00,53.40326999999999,64.70534,109.163,83.57003,82.6836,54.223969999999994,80.32479000000001
2018-11-09 05:00:00,52.7961,64.60263,107.6564,82.80802,82.03681,54.195209999999996,79.29715999999999
2018-11-12 05:00:00,52.14148,63.958380000000005,104.7697,81.27436,81.15833,53.58153000000001,77.75101
2018-11-13 05:00:00,52.758140000000004,64.21981,104.585,81.07181,81.35139000000001,53.47606,77.54359000000001
2018-11-14 05:00:00,52.9384,64.28517,103.5838,80.43519,80.75288,53.19798,76.6291
2018-11-15 05:00:00,53.71635,64.52794,105.0904,81.3033,81.19694,53.533590000000004,77.24191
2018-11-16 05:00:00,53.93455,64.76136,104.4781,81.20684,81.51550999999999,53.82125,77.39275
2018-11-19 05:00:00,53.40326999999999,64.21047,101.0567,79.79858,80.73356,53.32264,76.4594
2018-11-20 05:00:00,52.66327,63.44484,99.29741999999999,78.43854,79.92266,52.62266999999999,74.61156
2018-11-21 05:00:00,53.24199,64.1918,99.70565,78.4096,80.36672,52.584309999999995,74.99809
2018-11-23 05:00:00,53.033280000000005,64.23849,99.00582,77.85015,80.09642,52.45966,74.47957
2018-11-26 05:00:00,53.65943000000001,64.9481,101.2122,78.8533,80.69495,52.90073,75.66747
2018-11-27 05:00:00,53.782759999999996,64.7707,101.5232,79.01727,80.79149,53.06374,75.81831
2018-11-28 05:00:00,54.731480000000005,65.41495,105.0126,80.90782,81.89201,53.955490000000005,77.41161
2018-11-29 05:00:00,54.437369999999994,65.08815,104.5655,80.53164,82.03681,53.926730000000006,77.00621
2018-11-30 05:00:00,54.4184,64.96677,105.7416,81.31294,82.58707,54.176030000000004,77.46817
2018-12-03 05:00:00,54.873780000000004,65.26556,107.083,82.24857,83.41728,54.645880000000005,78.41095
2018-12-04 05:00:00,54.40891,64.20114000000001,103.8852,79.73106,80.75288,53.67742,75.56376
2018-12-06 05:00:00,54.51327,64.10777,104.2351,79.71176,80.65633000000001,53.64865,75.21494
2018-12-07 05:00:00,53.64045,63.96771999999999,101.2025,77.87908,78.76420999999999,52.8432,73.25395
2018-12-10 05:00:00,53.28941999999999,63.4075,101.9509,78.12021999999999,78.63871999999999,53.006209999999996,72.82027
2018-12-11 05:00:00,53.65943000000001,63.5849,102.1259,78.16846,78.50357,53.06374,72.65057
2018-12-12 05:00:00,54.1575,64.1638,102.7577,78.57356999999999,79.06348,53.121280000000006,73.20682
2018-12-13 05:00:00,54.314040000000006,63.96771999999999,102.9326,78.6218,78.56149,53.21716,72.86742
2018-12-14 05:00:00,53.763780000000004,63.51954,100.5901,76.87594,77.45132,52.48843000000001,72.05663
2018-12-17 05:00:00,53.42225,63.342130000000004,98.05914,75.20051,75.74513,51.36906,70.7292
2018-12-18 05:00:00,53.655409999999996,63.19198000000001,98.16646999999999,75.30716,75.66754,51.18587,70.66273000000001
2018-12-19 05:00:00,53.35674,62.60643,96.91756,74.04671,74.45508000000001,50.74237,69.39988000000001
2018-12-20 05:00:00,53.64577,62.672540000000005,95.03444,72.95109000000001,73.16501,50.02892,67.92814
2018-12-21 05:00:00,53.08696,61.775330000000004,93.05374,71.42885,71.82645,49.35402,66.86469
2018-12-24 05:00:00,52.913540000000005,61.39756,90.54616,69.7224,69.98351,47.98495,65.17455
2018-12-26 05:00:00,53.64577,62.46476,95.60035,72.98987,73.20381,49.623979999999996,68.0136
2018-12-27 05:00:00,53.57833,62.5592,96.52728,73.8431,73.5239,50.16389,68.55481999999999
2018-12-28 05:00:00,53.79993,62.88975,96.49801,73.65888000000001,73.58798,50.1089,68.44088
2018-12-31 05:00:00,53.82883,62.95587,97.79571,74.42485,74.39375,50.552690000000005,68.90614000000001
2019-01-02 05:00:00,53.71321,62.79531,97.14198,74.38606,74.24814,50.1089,69.61827
2019-01-03 05:00:00,53.0966,62.672540000000005,94.45876,72.51478,72.86957,49.3757,68.29845
2019-01-04 05:00:00,54.32983,64.04196,97.62008,75.07446,75.36457,50.45621,70.69122
2019-01-07 05:00:00,54.42618,64.11752,98.55676,75.53017,76.26743,50.62022,71.5078
2019-01-08 05:00:00,54.50808000000001,64.24974,99.77641,76.34461,77.04409,51.05435,71.99206
2019-01-09 05:00:00,54.87901,64.78806,100.3618,76.77122,77.63628,51.06399999999999,72.46681
2019-01-10 05:00:00,55.24511999999999,65.14695,100.4984,77.12028000000001,78.16053000000001,51.4499,72.69469000000001
2019-01-11 05:00:00,55.11987,64.86362,100.5667,76.89726999999999,78.17994,51.45955,73.16945
2019-01-14 05:00:00,54.90791,64.55196,99.68858,76.49005,77.82075,51.0833,72.73267
2019-01-15 05:00:00,55.11987,64.54251,101.2595,77.18815,78.2479,51.594609999999996,72.97955
2019-01-16 05:00:00,55.45709,64.74084,101.1034,77.25601,78.5974,51.58014,73.16945
2019-01-17 05:00:00,55.67869,64.97695,101.8742,77.95411999999999,79.25755,51.93227,73.73916
2019-01-18 05:00:00,55.89065,65.27917,102.9475,79.00126,80.45166,52.51112,74.86908000000001
2019-01-22 05:00:00,55.22586,64.67474,101.8156,77.87655,79.23814,52.14452,73.69168
2019-01-23 05:00:00,55.71723000000001,64.92973,102.1279,77.92503,79.24784,52.44359,73.62521
2019-01-24 05:00:00,56.00626,64.92973,101.8254,77.9929,79.68472,52.31817,74.16644000000001
2019-01-25 05:00:00,56.39165,65.12805999999999,102.4889,78.84612,80.57786999999999,52.50147,74.90706
2019-01-28 05:00:00,56.14115,64.94861999999999,101.4644,78.30315999999999,80.27691,52.3857,74.54625
2019-01-29 05:00:00,56.160419999999995,65.33584,101.0448,78.34195,80.33516,52.472530000000006,74.55573000000001
2019-01-30 05:00:00,56.82521,65.87416,103.1621,79.33091,81.26714,53.032090000000004,75.16343
2019-01-31 05:00:00,57.2106,65.82693,104.1086,80.56227,81.91759,53.40834,75.68566
2019-02-01 05:00:00,56.974540000000005,65.8175,104.3037,80.92102,82.16029,53.53375,75.94203
2019-02-04 05:00:00,57.07571,66.04415999999999,104.4988,81.45429,82.55833,53.91,76.15092
2019-02-05 05:00:00,57.62489,66.40305,104.6647,81.98756,82.92724,54.06436,76.22688000000001
2019-02-06 05:00:00,57.066069999999996,65.94972,104.7428,81.84212,82.83986999999999,53.98718,76.46426
2019-02-07 05:00:00,56.757769999999994,65.49639,104.2744,81.02767,82.37387,53.87141,75.39131
2019-02-08 05:00:00,56.574709999999996,65.57195,104.6745,81.24098000000001,82.34475,54.0933,75.10645
2019-02-11 05:00:00,56.2953,65.42083000000001,104.6745,81.32824000000001,82.68551,54.10295,75.2204
2019-02-12 05:00:00,56.43983000000001,65.83639000000001,105.7673,82.25903000000001,83.85922,54.48885,76.22688000000001
2019-02-13 05:00:00,56.218219999999995,65.74194,105.8161,82.71959,84.15047,54.61427,76.69214000000001
2019-02-14 05:00:00,56.39165,65.89305,105.6892,82.56931,83.97572,54.45991,76.51173
2019-02-15 05:00:00,56.25676,66.51638,106.8015,83.41283,84.82034,55.019459999999995,77.46125
2019-02-19 05:00:00,56.46873000000001,66.8186,106.8796,83.41283,84.97565999999999,55.13523000000001,77.76509
2019-02-20 05:00:00,56.786669999999994,66.92249,106.8406,83.75219,85.16013000000001,55.18346999999999,77.936
2019-02-21 05:00:00,56.632509999999996,66.87526,107.0455,83.29649,84.83975,55.21241,77.47074
2019-02-22 05:00:00,57.14315,67.10193000000001,107.8065,84.11094,85.44166,55.511480000000006,77.86954
2019-02-25 05:00:00,57.57671,67.08304,107.6016,84.1788,85.43195,55.357119999999995,78.08792
2019-02-26 05:00:00,57.41293,67.38525,107.6016,84.15942,85.28631999999999,55.32818,77.95499000000001
2019-02-27 05:00:00,57.15279,67.0547,107.3674,84.27575999999999,85.38341,55.31853,77.59418000000001
2019-02-28 05:00:00,56.603609999999996,66.92249,107.6406,84.07215,85.18925,55.4536,77.11941999999999
2019-03-01 05:00:00,56.69996,67.06415,108.1773,84.68298,85.74261,55.743019999999994,77.38528000000001
2019-03-04 05:00:00,56.574709999999996,66.84692,107.3479,84.45998,85.23779,55.44395,76.84406
2019-03-05 05:00:00,56.95046,66.97443,107.2991,84.36303000000001,85.00479,55.4343,76.50224
2019-03-06 05:00:00,56.69033,66.80915,106.704,84.05275999999999,84.28638000000001,55.22206,75.57172
2019-03-07 05:00:00,56.14115,66.34638000000001,106.06,83.37405,83.57836999999999,54.971219999999995,74.91656
2019-03-08 05:00:00,55.91955,66.57304,105.7575,83.21893,83.36411,54.922990000000006,74.84059
2019-03-11 04:00:00,56.680690000000006,67.01692,107.14299999999999,84.49877,84.45142,55.55007,75.91354
2019-03-12 04:00:00,56.74813,67.03582,107.5821,84.84782,84.82034,55.69478,76.10345
2019-03-13 04:00:00,56.79149,67.43248,108.1968,85.30351999999999,85.2572,55.98421,76.54021999999999
2019-03-14 04:00:00,56.5458,67.47025,108.2163,85.27443000000001,85.11905,55.93597,76.32183
2019-03-15 04:00:00,57.172059999999995,68.03690999999999,108.8213,85.65257,85.3737,56.128919999999994,76.7776
2019-03-18 04:00:00,57.62489,68.21635,108.8505,85.75922,85.77174000000001,56.16751,77.14791
2019-03-19 04:00:00,57.538180000000004,68.18802,109.0847,85.71074,85.56786,56.04209,77.20488
2019-03-20 04:00:00,57.7405,68.26357,108.7437,85.53941,85.05894,55.834790000000005,76.26083
2019-03-21 04:00:00,57.721230000000006,68.37691,109.9195,86.38633,86.12935,56.55161999999999,77.36079000000001
2019-03-22 04:00:00,56.66141999999999,67.38525,108.6751,84.8093,84.31936999999999,56.11571,75.61998
2019-03-25 04:00:00,56.74813,67.48914,108.7927,84.78009,84.29018,56.183519999999994,75.27564
2019-03-26 04:00:00,56.82521,67.89525,109.508,85.54914000000001,85.00054,56.60005,75.93562
2019-03-27 04:00:00,56.36275,67.83858000000001,108.9691,85.17922,84.6405,56.44506,75.55301999999999
2019-03-28 04:00:00,56.680690000000006,67.81969000000001,109.2042,85.57835,85.12705,56.6388,75.71563
2019-03-29 04:00:00,57.10461,67.99914,109.9195,86.20138,85.62333000000001,56.958459999999995,76.38517
2019-04-01 04:00:00,57.42256,68.32969,110.3017,87.09697,86.75214,57.161880000000004,77.69556
2019-04-02 04:00:00,57.278040000000004,68.19745999999999,110.0959,87.17485,86.7424,57.12314,77.36079000000001
2019-04-03 04:00:00,57.5719,68.35802,110.0469,87.2576,87.05379,57.08439,77.84859
2019-04-04 04:00:00,57.605619999999995,68.15025,109.8019,87.46689,87.22895,57.12314,78.29815
2019-04-05 04:00:00,57.82721,68.12191,110.2625,87.91469000000001,87.82255,57.375,78.72856999999999
2019-04-08 04:00:00,57.64416,68.09357,110.3311,88.02176999999999,87.77389000000001,57.36531,78.78596
2019-04-09 04:00:00,57.567080000000004,67.76303,110.1547,87.53503,87.10245,57.200630000000004,77.98250999999999
2019-04-10 04:00:00,57.77904,67.90469,110.4781,87.91469000000001,87.66685,57.33625,78.46075
2019-04-11 04:00:00,57.28767,67.82914,110.1547,87.97310999999999,87.82255,57.316869999999994,78.50858000000001
2019-04-12 04:00:00,57.7116,68.01801999999999,110.5172,88.74215,88.52318000000001,57.56873,78.79552
2019-04-15 04:00:00,57.54781,67.93303,110.7916,88.74215,88.32855,57.64621999999999,78.59466
2019-04-16 04:00:00,57.67306,67.98969,110.0959,88.88817,88.31883,57.307190000000006,79.13985
2019-04-17 04:00:00,57.692330000000005,67.78191,109.1651,88.61559,87.73496999999999,56.958459999999995,79.17811999999999
2019-04-18 04:00:00,57.68269,67.67803,109.4002,88.52798,87.95878,57.055330000000005,79.32159
2019-04-22 04:00:00,57.51891,67.52691999999999,109.4002,88.52798,87.84200000000001,56.98753000000001,79.0729
2019-04-23 04:00:00,57.79831,67.77248,110.2723,89.51119,88.68861,57.471869999999996,79.6181
2019-04-24 04:00:00,57.36475,67.30025,110.4585,89.45278,88.66914,57.539669999999994,79.20681
2019-04-25 04:00:00,57.25877,67.3947,110.9876,89.15101,88.09015,57.500919999999994,78.49901
2019-04-26 04:00:00,57.55745,67.81969000000001,111.8694,89.45278,88.62049,57.8109,78.5564
2019-04-29 04:00:00,57.64416,67.95191,111.6833,89.44305,88.62049,57.6656,78.80508
2019-04-30 04:00:00,57.72605,68.02747,112.3986,89.47225999999999,88.89296,58.19838000000001,78.99638
2019-05-01 04:00:00,57.34548,67.76303,111.5363,88.69346999999999,88.01716,57.61716,78.56596
2019-05-02 04:00:00,57.45146999999999,67.63081,111.4873,88.55719,87.93932,57.62685,78.42249
2019-05-03 04:00:00,57.7405,68.32969,112.281,89.23862,88.83457,57.85934,79.22594000000001
2019-05-06 04:00:00,56.998630000000006,67.74886,112.2124,88.8979,88.37720999999999,57.83028,78.87204
2019-05-07 04:00:00,56.160419999999995,67.24358000000001,110.5662,87.37928000000001,86.8981,57.171569999999996,77.61904
2019-05-08 04:00:00,56.07371,67.18692,110.4976,87.3306,86.81052,57.1522,77.21732
2019-05-09 04:00:00,55.495619999999995,67.03582,110.3311,87.04829000000001,86.62465,57.1522,76.79646
2019-05-10 04:00:00,55.67869,67.3947,111.2717,87.44743000000001,86.98567,57.5881,77.01645
2019-05-13 04:00:00,54.30093000000001,66.40305,109.5668,85.31551,84.7962,56.9294,74.87392
2019-05-14 04:00:00,54.72485,66.94136999999999,110.1351,85.99694000000001,85.62333000000001,57.171569999999996,75.78259
2019-05-15 04:00:00,54.89828000000001,67.04526,110.6054,86.69785,85.91526,57.413740000000004,76.05996
2019-05-16 04:00:00,54.5996,67.54581,111.8302,87.36954,86.59644,57.93683000000001,76.31821
2019-05-17 04:00:00,54.021519999999995,67.40414,111.5167,86.89254,85.99311,57.85934,75.73476
2019-05-20 04:00:00,53.96853,67.45136,111.1443,86.27925,85.42132,57.77216,75.23739
2019-05-21 04:00:00,54.483990000000006,67.72525,111.7813,87.03856999999999,86.35043,58.16931999999999,76.07909000000001
2019-05-22 04:00:00,54.19495,67.44193,112.1438,86.77184,85.96391,58.33399,75.21825
2019-05-23 04:00:00,53.93481,67.44193,111.3795,85.63676,84.76700000000001,58.06276,74.29046
2019-05-24 04:00:00,54.01189,68.07469,111.5461,85.68542,84.93243000000001,58.10151,74.46263
2019-05-28 04:00:00,54.13714,67.3097,110.625,84.94559,84.2026,57.491240000000005,73.45832
2019-05-29 04:00:00,54.39726999999999,67.02637,109.9195,84.29335999999999,83.58955,57.171569999999996,73.04703
2019-05-30 04:00:00,54.715219999999995,67.19637,110.7622,84.50752,83.68686,57.471869999999996,72.88441999999999
2019-05-31 04:00:00,55.01389,67.09248000000001,109.9293,83.58272,82.74294,57.25875,71.41144
2019-06-03 04:00:00,55.524530000000006,67.59303,109.1846,83.31988,83.08353000000001,57.56873,72.06184
2019-06-04 04:00:00,55.67869,67.89525,111.3109,85.28631,85.09785,58.16931999999999,74.16611
2019-06-05 04:00:00,55.428180000000005,67.84801999999999,113.1824,86.06509,85.71791,58.96363,74.0896
2019-06-06 04:00:00,55.50526,68.34858,114.0643,86.61024,86.03204000000001,59.36079,74.4435
2019-06-07 04:00:00,55.70759,69.11355999999999,115.5439,87.64211999999999,86.68635,59.7192,74.90261
2019-06-10 04:00:00,56.092980000000004,69.09468000000001,115.7888,87.98283,87.07326,59.661080000000005,75.45737
2019-06-11 04:00:00,56.2953,69.19856,115.3577,88.05098000000001,86.94675,59.47704,75.58171999999999
2019-06-12 04:00:00,56.0159,68.91524,115.681,87.90496,86.78133000000001,59.72889,75.10347
2019-06-13 04:00:00,55.90028,69.08524,115.87700000000001,88.26514,87.29706999999999,59.777319999999996,75.75388000000001
2019-06-14 04:00:00,55.55344,68.75468000000001,115.6516,87.97310999999999,87.0246,59.971059999999994,75.3426
2019-06-17 04:00:00,55.62551,68.75083000000001,115.5661,87.95843,86.97962,59.849340000000005,75.22887
2019-06-18 04:00:00,56.4729,69.35736999999999,116.4415,88.83899,87.8987,60.053830000000005,76.31789
2019-06-19 04:00:00,56.83328,69.60769,117.2776,89.16186,88.28001,60.394659999999995,76.45281999999999
2019-06-20 04:00:00,57.4469,70.14684,118.4776,90.22832,89.09828,60.83286999999999,76.89613
2019-06-21 04:00:00,57.26184,69.88689000000001,117.7891,89.97394,88.79655,60.62837,76.77085
2019-06-24 04:00:00,57.30081,70.09869,117.7596,89.69998000000001,88.29956999999999,60.6868,76.45281999999999
2019-06-25 04:00:00,56.881980000000006,69.95428000000001,116.4022,88.93683,87.64449,60.3265,76.26971
2019-06-26 04:00:00,57.08651999999999,69.79061,115.7726,88.75093000000001,87.54182,59.65458,76.78049
2019-06-27 04:00:00,57.368990000000004,69.78099,116.1661,89.04446,88.18224000000001,59.87855,77.39726999999999
2019-06-28 04:00:00,57.33002,69.93503,116.6579,89.49452,88.97421,60.11226,78.24535999999999
2019-07-01 04:00:00,57.544309999999996,69.96391,117.8776,90.23810999999999,89.53152,60.36545,78.70795
2019-07-02 04:00:00,57.60275,70.33939000000001,118.6743,90.46313,89.47285,60.813390000000005,78.53448
2019-07-03 04:00:00,57.661190000000005,71.00369,119.8842,91.33391999999999,90.32349,61.46584,78.99707
2019-07-05 04:00:00,57.26184,70.53194,119.4416,91.13824,90.20616,61.339240000000004,79.03562
2019-07-08 04:00:00,57.08651999999999,70.12758000000001,118.8514,90.60011,89.6684,61.222390000000004,78.63084
2019-07-09 04:00:00,57.0086,70.00242,119.2252,90.74687,89.81506,61.3295,78.55376
2019-07-10 04:00:00,57.26184,70.33939000000001,119.8448,91.12845,89.87373000000001,61.6119,78.79469
2019-07-11 04:00:00,57.2034,70.24311,120.0711,91.33391999999999,89.98441,61.62164,79.06453
2019-07-12 04:00:00,57.24236,70.26236999999999,120.4744,91.65679,90.69503,61.75796999999999,79.91261
2019-07-15 04:00:00,57.378719999999994,70.23348,120.7301,91.75463,90.56792,61.86509,79.89334000000001
2019-07-16 04:00:00,57.320280000000004,69.95428000000001,120.194,91.45132,90.42126,61.69955,79.70059
2019-07-17 04:00:00,57.33002,70.06981,119.7071,90.82515,89.78574,61.52426,78.98743
2019-07-18 04:00:00,57.80729,70.35864000000001,120.4449,91.20673000000001,90.08375,61.80666,79.45003
2019-07-19 04:00:00,57.49561,70.15646,119.4612,90.53161999999999,89.71729,61.241859999999996,79.38256
2019-07-22 04:00:00,57.40794,69.95428000000001,120.0317,90.81536,89.71729,61.2516,79.40183
2019-07-23 04:00:00,57.3982,70.05056,120.2875,91.45132,90.48169,61.44636,80.16319
2019-07-24 04:00:00,57.23262,69.98317,120.6514,91.92096,91.15456999999999,61.426880000000004,81.13655
2019-07-25 04:00:00,56.940419999999996,69.42477,120.2186,91.49046,90.52881,61.4561,80.58723
2019-07-26 04:00:00,57.07678000000001,69.67509,121.0252,92.06772,91.07635,61.91378,80.81851999999999
2019-07-29 04:00:00,56.98911999999999,69.89650999999999,120.8383,92.03837,90.76347,62.001419999999996,80.74141999999999
2019-07-30 04:00:00,56.63848,69.28998,120.5924,91.67635,90.73414,61.71901999999999,80.50049
2019-07-31 04:00:00,56.30732,68.89524,118.75299999999999,90.72731,90.04972,61.115269999999995,79.49821
2019-08-01 04:00:00,55.51837,69.01077,118.57600000000001,89.89565999999999,88.85688,61.02763,78.40919
2019-08-02 04:00:00,55.31383,69.02041,117.3464,89.06402,88.00625,60.94973,77.64784
2019-08-05 04:00:00,53.78464,67.87472,113.7365,86.23643,85.42501999999999,59.51825,75.46016999999999
2019-08-06 04:00:00,54.45671,68.23094,115.7923,87.51814,86.4712,60.45309,76.18298
2019-08-07 04:00:00,54.778130000000004,68.80859,116.1366,87.58663,86.64719000000001,60.735490000000006,76.08659
2019-08-08 04:00:00,55.42097,69.44402,118.5563,89.45538,88.19202,61.75796999999999,77.24308
2019-08-09 04:00:00,55.02163,69.22259,118.1825,88.69223000000001,87.39027,61.58269,76.18298
2019-08-12 04:00:00,54.52489,68.85673,116.7268,87.70404,86.15226,61.09579,75.19032
2019-08-13 04:00:00,54.95345,69.13593,118.4579,89.15208,87.22405,61.63138000000001,76.2408
2019-08-14 04:00:00,53.78464,67.69179,115.2021,86.40276,84.68194,60.277809999999995,73.60981
2019-08-15 04:00:00,54.0671,68.16355,115.694,86.69629,84.67215999999999,60.75496999999999,73.40742
2019-08-16 04:00:00,54.71969,68.84711,117.2973,87.978,85.95299999999999,61.3295,74.7181
2019-08-19 04:00:00,54.836569999999995,69.10705,118.4186,89.03466999999999,86.9894,61.85535,75.73002
2019-08-20 04:00:00,54.95345,69.04929,117.7891,88.34979,86.35826999999999,61.44636,74.93012
2019-08-21 04:00:00,55.17746999999999,69.23702,118.8711,89.0836,87.03399,61.86509,75.69147
2019-08-22 04:00:00,54.78787,69.03966,118.7432,89.09337,86.99918000000001,61.98195,75.81675
2019-08-23 04:00:00,54.3106,68.62567,115.7136,86.59845,84.68194,60.83286999999999,73.66763
2019-08-26 04:00:00,54.52489,68.91450999999999,117.2087,87.58663,85.36635,61.44636,74.27478
2019-08-27 04:00:00,54.54436,68.94338,117.3071,87.5475,85.02415,61.378190000000004,73.49416
2019-08-28 04:00:00,54.63203000000001,68.91450999999999,117.8481,88.11497,85.59183,61.67033000000001,74.3326
2019-08-29 04:00:00,55.13851,69.18406999999999,119.2448,89.17165,86.7611,62.1767,75.49871999999999
2019-08-30 04:00:00,55.31383,69.23702,119.0678,89.11295,86.94189,62.08419,75.9035
2019-09-03 04:00:00,55.08981,69.26109,118.4383,88.45741,86.28543,62.16696999999999,75.50836
2019-09-04 04:00:00,55.62551,70.04093,119.8547,89.45538,87.27295,62.692809999999994,76.6552
2019-09-05 04:00:00,55.92745,69.98317,121.0154,90.89364,88.49512,62.82914,78.16826
2019-09-06 04:00:00,55.93719,70.06981,120.976,91.01104000000001,88.5969,62.994690000000006,78.42846999999999
2019-09-09 04:00:00,56.132,69.98317,118.9694,90.82515,88.98399,62.47858000000001,79.82588
2019-09-10 04:00:00,56.1807,69.62695,117.2087,90.73709000000001,89.24798,61.962469999999996,80.95345
2019-09-11 04:00:00,56.365759999999995,70.0313,117.7202,91.22629,89.98128,62.16696999999999,81.74371
2019-09-12 04:00:00,56.51186,70.29125,118.81200000000001,91.51980999999999,90.12794,62.43963000000001,81.52204
2019-09-13 04:00:00,56.69692,70.4164,118.1333,91.37305,90.11816,62.157230000000006,81.57987
2019-09-16 04:00:00,56.492380000000004,69.95428000000001,117.5923,90.96213,90.31371,62.040369999999996,81.1751
2019-09-17 04:00:00,56.48264,70.39716,118.6448,91.31435,90.36259,62.566219999999994,80.95345
2019-09-18 04:00:00,56.30732,70.27199999999999,118.7924,91.36327,90.21593,62.62465,80.57759
2019-09-19 04:00:00,56.15148000000001,70.55119,118.9202,91.22629,90.01061,62.722030000000004,80.45231
2019-09-20 04:00:00,56.09304,70.58971,118.4678,90.71752,89.57063000000001,62.566219999999994,80.2692
2019-09-23 04:00:00,56.10278,70.64747,118.5465,90.9132,89.59018,62.653859999999995,80.21137
